{
	"class_name" : "PinholeCameraParameters",
	"extrinsic" : 
	[
		0.84435729259195613,
		-0.054781178169304813,
		0.53297259307131806,
		0.0,
		0.51208776815417989,
		-0.21003051542076975,
		-0.83285851157261803,
		0.0,
		0.15756547894019471,
		0.97615890361685931,
		-0.14928802609679842,
		0.0,
		-73.824761150777078,
		-343.55678389427243,
		68.328797188064669,
		1.0
	],
	"intrinsic" : 
	{
		"height" : 1055,
		"intrinsic_matrix" : 
		[
			913.65680099258282,
			0.0,
			0.0,
			0.0,
			913.65680099258282,
			0.0,
			959.5,
			527.0,
			1.0
		],
		"width" : 1920
	},
	"version_major" : 1,
	"version_minor" : 0
}