{
	"class_name" : "PinholeCameraParameters",
	"extrinsic" : 
	[
		0.99931279876302592,
		-0.028536022712398301,
		0.02365640793031824,
		0.0,
		0.0268135804231956,
		0.99717386128444119,
		0.070180640321724011,
		0.0,
		-0.02559222798618668,
		-0.069498099102319785,
		0.99725375511344527,
		0.0,
		-14.920731691337151,
		-40.678610104844523,
		-16.600486465985462,
		1.0
	],
	"intrinsic" : 
	{
		"height" : 1055,
		"intrinsic_matrix" : 
		[
			913.65680099258282,
			0.0,
			0.0,
			0.0,
			913.65680099258282,
			0.0,
			959.5,
			527.0,
			1.0
		],
		"width" : 1920
	},
	"version_major" : 1,
	"version_minor" : 0
}