{
	"class_name" : "PinholeCameraParameters",
	"extrinsic" : 
	[
		0.99847849413828893,
		0.054496258495073953,
		0.0084175146791221102,
		0.0,
		-0.053790756824183862,
		0.92899456275709835,
		0.36616342915155953,
		0.0,
		0.012134711517653583,
		-0.36605909383292984,
		0.93051248707290213,
		0.0,
		-24.657468561172024,
		83.115423796708058,
		-37.967444185769189,
		1.0
	],
	"intrinsic" : 
	{
		"height" : 1055,
		"intrinsic_matrix" : 
		[
			913.65680099258282,
			0.0,
			0.0,
			0.0,
			913.65680099258282,
			0.0,
			959.5,
			527.0,
			1.0
		],
		"width" : 1920
	},
	"version_major" : 1,
	"version_minor" : 0
}